business_code,cust_number,name_customer,clear_date,buisness_year,doc_id,posting_date,document_create_date,document_create_date.1,due_in_date,invoice_currency,document type,posting_id,total_open_amount,baseline_create_date,cust_payment_terms,invoice_id,isOpen
U001,0200769623,WAL-MAR corp,11/02/2020,2020,1930438491,26/01/2020,20200125,20200126,20200210,USD,RV,1,54273,20200126,NAH4,1930438491,0
U001,0200980828,BEN E ,08/08/2019,2019,1929646410,22/07/2019,20190722,20190722,20190811,USD,RV,1,79657,20190722,NAD1,1929646410,0
U001,0200792734,MDV/ trust,30/12/2019,2019,1929873765,14/09/2019,20190914,20190914,20190929,USD,RV,1,2254,20190914,NAA8,1929873765,0
CA02,0140105686,SYSC llc,,2020,2960623488,30/03/2020,20200330,20200330,20200410,CAD,RV,1,3300,20200331,CA10,2960623488,1
U001,0200769623,WAL-MAR foundation,25/11/2019,2019,1930147974,13/11/2019,20191113,20191113,20191128,USD,RV,1,33133,20191113,NAH4,1930147974,0
CA02,0140106181,THE  corporation,04/12/2019,2019,2960581231,20/09/2019,20190920,20190920,20191004,CAD,RV,1,22226,20190924,CA10,2960581231,0
U001,0200769623,WAL-MAR in,12/11/2019,2019,1930083373,01/11/2019,20191031,20191101,20191116,USD,RV,1,7358,20191101,NAH4,1930083373,0
U001,0200744019,TARG us,,2020,1930659387,19/03/2020,20200318,20200319,20200403,USD,RV,1,11173,20200319,NAA8,1930659387,1
U001,0200769623,WAL-MAR corp,18/06/2019,2019,1929439637,07/06/2019,20190605,20190607,20190622,USD,RV,1,15995,20190607,NAH4,1929439637,0
U001,0200762301,C&S WH systems,06/03/2019,2019,1928819386,20/02/2019,20190219,20190220,20190307,USD,RV,1,29,20190220,NAC6,1928819386,0
U001,0200418007,AM ,,2020,1930610806,11/03/2020,20200306,20200311,20200326,USD,RV,1,3526,20200311,NAA8,1930610806,1
U001,0200743129,BROOKS co,22/01/2019,2019,1928550622,02/01/2019,20190102,20190102,20190117,USD,RV,1,103147,20190102,NAA8,1928550622,0
U001,0200186937,SYSC corporation,06/05/2019,2019,1929151655,15/04/2019,20190415,20190415,20190430,USD,RV,1,16381,20190415,NAA8,1929151655,0
U001,0200721222,GO corporation,01/11/2019,2019,1930022117,17/10/2019,20191017,20191017,20191101,USD,RV,1,19582,20191017,NAA8,1930022117,0
U001,0200739534,OK systems,,2020,1930788296,15/04/2020,20200415,20200415,20200430,USD,RV,1,121106,20200415,NAA8,1930788296,1
U001,0200353024,DECA corporation,,2020,1930817482,23/04/2020,20200423,20200423,20200426,USD,RV,1,3726,20200416,NAM2,1930817482,1
U001,0200794332,COST in,12/11/2019,2019,1930052739,25/10/2019,20191025,20191025,20191109,USD,RV,1,5182,20191025,NAAX,1930052739,0
U001,0200881076,ALBERT corp,17/12/2019,2019,1930209407,02/12/2019,20191202,20191202,20191217,USD,RV,1,19082,20191202,NAA8,1930209407,0
U001,0200769623,WAL-MAR trust,26/11/2019,2019,1930153511,15/11/2019,20191114,20191115,20191130,USD,RV,1,12820,20191115,NAH4,1930153511,0
U001,0200769623,WAL-MAR systems,05/02/2020,2020,1930438462,24/01/2020,20200124,20200124,20200208,USD,RV,1,53350,20200124,NAH4,1930438462,0
U013,0100053554,SYSTEMS systems,11/02/2020,2020,1991837617,11/01/2020,20200107,20200111,20200210,USD,RV,1,5684,20200111,NAVE,1991837617,0
U001,0200783734,FAREW us,04/09/2019,2019,1929773400,21/08/2019,20190822,20190821,20190905,USD,RV,1,11845,20190821,NAA8,1929773400,0
U001,0200744019,TARG associates,,2020,1930676042,21/03/2020,20200320,20200321,20200405,USD,RV,1,5893,20200321,NAA8,1930676042,1
U001,0100006311,QUALITY C ,30/07/2019,2019,1929626925,17/07/2019,20190717,20190717,20190801,USD,RV,1,20080,20190717,NAA8,1929626925,0
U001,0200769623,WAL-MAR co,04/02/2020,2020,1930431304,24/01/2020,20200123,20200124,20200208,USD,RV,1,11308,20200124,NAH4,1930431304,0
CA02,0140106408,WAL-M corp,,2020,2960618790,06/03/2020,20200306,20200306,20200316,CAD,RV,1,92832,20200306,CA10,2960618790,1
U001,0200769623,WAL-MAR foundation,30/01/2019,2019,1928620435,14/01/2019,20190114,20190114,20190129,USD,RV,1,36188,20190114,NAH4,1928620435,0
U001,0200337148,COAS llc,,2020,1930592246,02/03/2020,20200302,20200302,20200317,USD,RV,1,11381,20200302,NAA8,1930592246,1
U001,0200769623,WAL-MAR foundation,09/05/2019,2019,1929194820,23/04/2019,20190423,20190423,20190508,USD,RV,1,412,20190423,NAH4,1929194820,0
CA02,0140106408,WAL-M associates,06/05/2019,2019,2960542344,16/04/2019,20190416,20190416,20190426,CAD,RV,1,48413,20190416,CA10,2960542344,0
U001,0200750051,ALBER systems,03/05/2019,2019,1929170780,18/04/2019,20190418,20190418,20190503,USD,RV,1,6024,20190418,NAA8,1929170780,0
U001,0200721222,GO trust,07/10/2019,2019,1929907681,22/09/2019,20190921,20190922,20191007,USD,RV,1,17308,20190922,NAA8,1929907681,0
U001,0200769623,WAL-MAR in,23/09/2019,2019,1929847863,10/09/2019,20190909,20190910,20190925,USD,RV,1,341,20190910,NAH4,1929847863,0
U001,0200726979,BJ'S  systems,01/07/2019,2019,1929541405,15/06/2019,20190625,20190615,20190630,USD,RV,1,366,20190615,NAA8,1929541405,0
U001,CCCA02,KRAFT  systems,30/08/2019,2019,1929535888,05/07/2019,20190701,20190705,20190809,USD,RV,1,32752,20190705,NAG2,1929535888,0
U001,0200794332,COST associates,,2020,1930731070,07/04/2020,20200401,20200407,20200422,USD,RV,1,3864,20200407,NAAX,1930731070,1
U001,0200700919,US  corp,13/02/2019,2019,1928656691,23/01/2019,20190121,20190123,20190212,USD,RV,1,39221,20190123,NAD1,1928656691,0
U001,0200794332,COST llc,,2020,1930803605,23/04/2020,20200420,20200423,20200508,USD,RV,1,74453,20200423,NAAX,1930803605,1
U001,0200769623,WAL-MAR corp,27/06/2019,2019,1929497308,17/06/2019,20190615,20190617,20190702,USD,RV,1,46962,20190617,NAH4,1929497308,0
U001,0200149567,RESER llc,19/07/2019,2019,1929433546,04/06/2019,20190604,20190604,20190719,USD,RV,1,51641,20190604,NABG,1929433546,0
U001,0200769623,WAL-MAR corp,19/11/2019,2019,1930130044,08/11/2019,20191108,20191108,20191123,USD,RV,1,52188,20191108,NAH4,1930130044,0
U001,0200769623,WAL-MAR associates,21/01/2020,2020,1930353067,04/01/2020,20200104,20200104,20200119,USD,RV,1,4954,20200104,NAH4,1930353067,0
U001,0200337148,COAS corporation,06/02/2020,2020,1930415312,22/01/2020,20200120,20200122,20200206,USD,RV,1,54714,20200122,NAA8,1930415312,0
U001,0200769623,WAL-MAR corp,04/03/2020,2020,1930555074,22/02/2020,20200222,20200222,20200308,USD,RV,1,3228,20200222,NAH4,1930555074,0
CA02,CCU001,KRAFT  trust,31/05/2019,2019,2960541801,12/04/2019,20190412,20190412,20190519,CAD,RV,1,31715,20190414,NAG2,2960541801,0
U001,0200803720,DEC corp,,2020,1930698352,25/03/2020,20200325,20200325,20200408,USD,RV,1,139,20200316,NAM4,1930698352,1
U001,0200769623,WAL-MAR trust,26/04/2019,2019,1929141059,16/04/2019,20190414,20190416,20190501,USD,RV,1,34566,20190416,NAH4,1929141059,0
U001,0200759082,INGL in,23/08/2019,2019,1929722196,08/08/2019,20190808,20190808,20190823,USD,RV,1,65353,20190808,NAA8,1929722196,0
U001,0200769623,WAL-MAR corporation,27/02/2020,2020,1930532562,17/02/2020,20200216,20200217,20200303,USD,RV,1,49724,20200217,NAH4,1930532562,0
U001,0200769623,WAL-MAR us,29/01/2019,2019,1928638946,18/01/2019,20190117,20190118,20190202,USD,RV,1,354,20190118,NAH4,1928638946,0
U001,0200230690,DECA systems,10/05/2019,2019,1929274085,07/05/2019,20190507,20190507,20190511,USD,RV,1,3436,20190501,NAM2,1929274085,0
U001,0200794332,COST co,,2020,1930647189,13/03/2020,20200313,20200313,20200328,USD,RV,1,32715,20200313,NAAX,1930647189,1
U001,0200020431,DEC us,,2020,1930861637,06/05/2020,20200506,20200506,20200524,USD,RV,1,175,20200501,NAM4,1930861637,1
U001,0200769623,WAL-MAR ,05/08/2019,2019,1929656804,24/07/2019,20190724,20190724,20190808,USD,RV,1,21419,20190724,NAH4,1929656804,0
U001,0200701314,MBM  foundation,31/01/2020,2020,1930391457,15/01/2020,20200113,20200115,20200130,USD,RV,1,12607,20200115,NAA8,1930391457,0
U001,0200742791,QUI us,04/03/2020,2020,1930520098,18/02/2020,20200213,20200218,20200304,USD,RV,1,25581,20200218,NAA8,1930520098,0
U001,0200743129,BROOKS systems,10/09/2019,2019,1929797274,28/08/2019,20190827,20190828,20190912,USD,RV,1,20360,20190828,NAA8,1929797274,0
U001,0200769623,WAL-MAR associates,,2020,1930635649,12/03/2020,20200311,20200312,20200327,USD,RV,1,768,20200312,NAH4,1930635649,1
U001,0200780825,SYSCO FO trust,30/07/2019,2019,1929620499,16/07/2019,20190715,20190716,20190731,USD,RV,1,322,20190716,NAA8,1929620499,0
U001,0200762301,C&S WH llc,05/02/2020,2020,1930413750,21/01/2020,20200120,20200121,20200205,USD,RV,1,91102,20200121,NAC6,1930413750,0
U001,0200769369,DI llc,01/04/2019,2019,1928964395,15/03/2019,20190315,20190315,20190330,USD,RV,1,73078,20190315,NAA8,1928964395,0
CA02,0100030194,AMAZO ,15/07/2019,2019,2960558116,30/06/2019,20190630,20190630,20190711,CAD,RV,1,2828,20190701,CA10,2960558116,0
U001,200714710,SYSCO  us,24/06/2019,2019,1929462621,10/06/2019,20190609,20190610,20190625,USD,RV,1,3286,20190610,NAA8,1929462621,0
CA02,0140106181,THE  corp,18/09/2019,2019,2960562705,08/07/2019,20190708,20190708,20190719,CAD,RV,1,6912,20190709,CA10,2960562705,0
U001,0100028450,DASA I ,23/05/2019,2019,1929251852,06/05/2019,20190506,20190506,20190516,USD,RV,1,24351,20190506,NA10,1929251852,0
U001,200561861,CO in,21/06/2019,2019,1929446470,06/06/2019,20190606,20190606,20190621,USD,RV,1,22491,20190606,NAA8,1929446470,0
U001,0200622385,US  co,10/05/2019,2019,1929213250,26/04/2019,20190426,20190426,20190511,USD,RV,1,981,20190426,NAA8,1929213250,0
U001,0200769623,WAL-MAR foundation,24/01/2020,2020,1930395090,14/01/2020,20200113,20200114,20200129,USD,RV,1,71009,20200114,NAH4,1930395090,0
U001,0200744019,TARG in,26/02/2019,2019,1928711753,01/02/2019,20190130,20190201,20190216,USD,RV,1,8445,20190201,NAA8,1928711753,0
U001,0200752302,KROGER foundation,03/09/2019,2019,1929760273,19/08/2019,20190819,20190819,20190903,USD,RV,1,79936,20190819,NAA8,1929760273,0
CA02,140105785,SHOPPE foundation,,2020,2960624627,27/03/2020,20200327,20200327,20200410,CAD,RV,1,2830,20200331,CA10,2960624627,1
U001,0200769623,WAL-MAR in,11/02/2019,2019,1928657817,24/01/2019,20190121,20190124,20190208,USD,RV,1,13636,20190124,NAH4,1928657817,0
U001,0200769623,WAL-MAR llc,08/04/2019,2019,1929027308,27/03/2019,20190325,20190327,20190411,USD,RV,1,71047,20190327,NAH4,1929027308,0
U001,200769623,WAL-MAR corporation,25/06/2019,2019,1929485994,13/06/2019,20190613,20190613,20190628,USD,RV,1,3749,20190613,NAH4,1929485994,0
U001,0200772670,ASSOCIAT co,06/03/2019,2019,1928831527,20/02/2019,20190221,20190220,20190307,USD,RV,1,74898,20190220,NAU5,1928831527,0
U001,0200769623,WAL-MAR foundation,20/11/2019,2019,1930133339,10/11/2019,20191109,20191110,20191125,USD,RV,1,6301,20191110,NAH4,1930133339,0
U001,0200769623,WAL-MAR ,,2020,1930577078,28/02/2020,20200227,20200228,20200314,USD,RV,1,14515,20200228,NAH4,1930577078,1
U001,0200769623,WAL-MAR foundation,,2020,1930774741,10/04/2020,20200410,20200410,20200425,USD,RV,1,55400,20200410,NAH4,1930774741,1
U001,200705742,DOT co,17/05/2019,2019,1929249507,02/05/2019,20190502,20190502,20190517,USD,RV,1,26520,20190502,NAA8,1929249507,0
U001,0200772670,ASSOCIAT corporation,,2020,1930765053,09/04/2020,20200408,20200409,20200424,USD,RV,1,174766,20200409,NAU5,1930765053,1
U001,0200762301,C&S WH ,01/04/2019,2019,1928964364,15/03/2019,20190314,20190315,20190330,USD,RV,1,75138,20190315,NAC6,1928964364,0
U001,0200761734,H E BUT in,07/08/2019,2019,1929656725,24/07/2019,20190724,20190724,20190808,USD,RV,1,78044,20190724,NAA8,1929656725,0
CA02,0140104409,LOB us,21/06/2019,2019,2960552326,02/06/2019,20190603,20190602,20190619,CAD,RV,1,51234,20190609,CA10,2960552326,0
U001,0200900909,SYSCO systems,,2020,1930645969,13/03/2020,20200312,20200313,20200414,USD,RV,1,31513,20200313,NA32,1930645969,1
U001,0200769623,WAL-MAR systems,,2020,1930718081,30/03/2020,20200329,20200330,20200414,USD,RV,1,19702,20200330,NAH4,1930718081,1
U001,0200455322,PEA us,07/11/2019,2019,1929867941,12/09/2019,20190912,20190912,20191012,USD,RV,1,42362,20190912,NAD5,1929867941,0
U001,0200290370,BARGAIN  corporation,27/09/2019,2019,1929854327,10/09/2019,20190909,20190910,20190925,USD,RV,1,6348,20190910,NAA8,1929854327,0
U001,0200769623,WAL-MAR systems,10/07/2019,2019,1929559339,30/06/2019,20190629,20190630,20190715,USD,RV,1,48130,20190630,NAH4,1929559339,0
U001,0200726979,BJ'S  trust,,2020,1930788667,16/04/2020,20200415,20200416,20200501,USD,RV,1,133,20200416,NAA8,1930788667,1
U001,0200769623,WAL-MAR corp,10/10/2019,2019,1929940577,29/09/2019,20190929,20190929,20191014,USD,RV,1,5957,20190929,NAH4,1929940577,0
U001,0200769623,WAL-MAR llc,03/09/2019,2019,1929767246,21/08/2019,20190820,20190821,20190905,USD,RV,1,423,20190821,NAH4,1929767246,0
U001,0100028210,WEST  trust,23/03/2019,2019,1928896405,04/03/2019,20190304,20190304,20190319,USD,RV,1,32415,20190304,NAA8,1928896405,0
U001,0200769623,WAL-MAR llc,03/09/2019,2019,1929773090,22/08/2019,20190822,20190822,20190906,USD,RV,1,1328,20190822,NAH4,1929773090,0
U001,0200743129,BROOKS in,14/08/2019,2019,1929670921,28/07/2019,20190728,20190728,20190812,USD,RV,1,116301,20190728,NAA8,1929670921,0
U001,0200769623,WAL-MAR llc,,2020,1930709919,29/03/2020,20200328,20200329,20200413,USD,RV,1,1121,20200329,NAH4,1930709919,1
U001,0200769623,WAL-MAR llc,,2020,1930752568,06/04/2020,20200406,20200406,20200421,USD,RV,1,11395,20200406,NAH4,1930752568,1
U001,0200783609,PROFIC corporation,29/01/2020,2020,1930395778,14/01/2020,20200114,20200114,20200129,USD,RV,1,20306,20200114,NAA8,1930395778,0
U001,0100033266,INTERN trust,24/12/2019,2019,1930174350,25/11/2019,20191120,20191125,20191210,USD,RV,1,17243,20191125,NAA8,1930174350,0
U001,0200744019,TARG associates,26/02/2020,2020,1930512246,11/02/2020,20200211,20200211,20200226,USD,RV,1,22994,20200211,NAA8,1930512246,0
